index,wer,wer_group,reference_entity_count,asr_entity_count,matched_entity_count,reference_only_count,asr_only_count
0,0.045455,0–10%,1,1,1,0,0
1,0.321429,>30%,6,5,3,3,2
2,0.230769,10–30%,1,1,1,0,0
3,0.173913,10–30%,5,3,1,4,2
4,0.074074,0–10%,5,5,4,1,1
5,0.4,>30%,4,2,2,2,0
6,0.192308,10–30%,5,5,5,0,0
7,0.074074,0–10%,4,5,3,1,2
8,0.275862,10–30%,3,5,2,1,3
9,0.277778,10–30%,3,3,3,0,0
10,0.259259,10–30%,2,3,2,0,1
11,0.315789,>30%,1,0,0,1,0
12,0.296296,10–30%,3,4,2,1,2
13,0.115385,10–30%,5,5,3,2,2
14,0.434783,>30%,2,0,0,2,0
15,0.24,10–30%,7,2,2,5,0
16,0.222222,10–30%,4,3,0,4,3
17,0.0625,0–10%,0,0,0,0,0
18,0.192308,10–30%,3,1,0,3,1
19,0.08,0–10%,5,4,2,3,2
20,0.375,>30%,2,2,2,0,0
21,0.25,10–30%,5,4,2,3,2
22,0.241379,10–30%,14,9,6,8,3
23,0.12,10–30%,1,2,1,0,1
24,0.230769,10–30%,5,6,3,2,3
25,0.333333,>30%,1,2,1,0,1
26,0.28,10–30%,4,3,2,2,1
27,0.185185,10–30%,5,3,1,4,2
28,0.115385,10–30%,4,4,3,1,1
29,0.105263,10–30%,3,3,3,0,0
30,0.421053,>30%,5,8,4,1,4
31,0.375,>30%,10,6,4,6,2
32,0.111111,10–30%,2,2,2,0,0
33,0.111111,10–30%,0,0,0,0,0
34,0.142857,10–30%,3,3,3,0,0
35,0.142857,10–30%,5,6,5,0,1
36,0.291667,10–30%,1,2,1,0,1
37,0.321429,>30%,7,7,5,2,2
38,0.130435,10–30%,4,3,1,3,2
39,0.458333,>30%,4,5,1,3,4
40,0.269231,10–30%,4,4,2,2,2
41,0.25,10–30%,1,1,0,1,1
42,0.125,10–30%,4,5,3,1,2
43,0.375,>30%,1,2,1,0,1
44,0.318182,>30%,8,4,2,6,2
45,0.388889,>30%,4,3,2,2,1
46,0.263158,10–30%,4,3,3,1,0
47,0.24,10–30%,5,6,4,1,2
48,0.04,0–10%,3,3,3,0,0
49,0.153846,10–30%,1,1,1,0,0
50,0.4,>30%,4,3,1,3,2
51,0.25,10–30%,1,1,1,0,0
52,0.0,0%,1,1,1,0,0
53,0.285714,10–30%,2,2,1,1,1
54,0.25,10–30%,3,3,3,0,0
55,0.210526,10–30%,7,5,4,3,1
56,0.366667,>30%,2,0,0,2,0
57,0.148148,10–30%,6,6,5,1,1
58,0.625,>30%,4,2,1,3,1
59,0.333333,>30%,5,3,2,3,1
60,0.36,>30%,1,1,0,1,1
61,0.285714,10–30%,8,5,4,4,1
62,0.125,10–30%,5,4,3,2,1
63,0.411765,>30%,3,4,1,2,3
64,0.068966,0–10%,2,2,2,0,0
65,0.24,10–30%,5,3,1,4,2
66,0.269231,10–30%,3,3,3,0,0
67,0.346154,>30%,5,6,1,4,5
68,0.259259,10–30%,2,1,1,1,0
69,0.038462,0–10%,2,2,2,0,0
70,0.115385,10–30%,5,3,3,2,0
71,0.285714,10–30%,8,6,3,5,3
72,0.294118,10–30%,1,1,1,0,0
73,0.24,10–30%,3,3,3,0,0
74,0.214286,10–30%,5,5,3,2,2
75,0.391304,>30%,5,4,2,3,2
76,0.307692,>30%,8,6,3,5,3
77,0.291667,10–30%,5,4,4,1,0
78,0.269231,10–30%,5,3,1,4,2
79,0.172414,10–30%,6,5,4,2,1
80,0.115385,10–30%,4,3,3,1,0
81,0.157895,10–30%,6,6,4,2,2
82,0.269231,10–30%,4,5,2,2,3
83,0.1875,10–30%,4,4,1,3,3
84,0.2,10–30%,2,2,2,0,0
85,0.136364,10–30%,6,4,3,3,1
86,0.16,10–30%,4,3,2,2,1
87,0.321429,>30%,5,7,2,3,5
88,0.185185,10–30%,1,2,1,0,1
89,0.105263,10–30%,7,7,5,2,2
90,0.266667,10–30%,4,4,3,1,1
91,0.185185,10–30%,4,4,3,1,1
92,0.28,10–30%,6,6,3,3,3
93,0.115385,10–30%,5,4,3,2,1
94,0.2,10–30%,6,6,5,1,1
95,0.166667,10–30%,1,2,1,0,1
96,0.25,10–30%,6,5,5,1,0
97,0.307692,>30%,3,3,0,3,3
98,0.103448,10–30%,2,2,2,0,0
99,0.153846,10–30%,4,4,4,0,0
100,0.434783,>30%,2,3,1,1,2
101,0.285714,10–30%,4,4,2,2,2
102,0.178571,10–30%,1,1,1,0,0
103,0.222222,10–30%,5,7,4,1,3
104,0.321429,>30%,1,1,1,0,0
105,0.333333,>30%,9,4,3,6,1
106,0.28125,10–30%,5,6,3,2,3
107,0.266667,10–30%,5,6,4,1,2
108,0.157895,10–30%,1,1,1,0,0
109,0.076923,0–10%,2,2,2,0,0
110,0.32,>30%,6,6,3,3,3
111,0.28,10–30%,4,8,2,2,6
112,0.26087,10–30%,2,1,1,1,0
113,0.32,>30%,5,4,2,3,2
114,0.263158,10–30%,7,9,7,0,2
115,0.266667,10–30%,1,3,1,0,2
116,0.153846,10–30%,6,4,2,4,2
117,0.444444,>30%,1,1,0,1,1
118,0.259259,10–30%,4,5,4,0,1
119,0.111111,10–30%,1,1,1,0,0
120,0.105263,10–30%,5,4,3,2,1
121,0.26087,10–30%,3,4,1,2,3
122,0.259259,10–30%,4,3,2,2,1
123,0.4,>30%,3,3,1,2,2
124,0.259259,10–30%,2,3,0,2,3
125,0.24,10–30%,5,5,2,3,3
126,0.178571,10–30%,8,8,5,3,3
127,0.2,10–30%,0,0,0,0,0
128,0.173913,10–30%,1,0,0,1,0
129,0.2,10–30%,2,8,2,0,6
130,0.35,>30%,4,1,0,4,1
131,0.263158,10–30%,2,1,0,2,1
132,0.064516,0–10%,7,5,4,3,1
133,0.096774,0–10%,2,2,2,0,0
134,0.133333,10–30%,4,4,4,0,0
135,0.117647,10–30%,2,2,2,0,0
136,0.333333,>30%,1,1,0,1,1
137,0.241379,10–30%,4,5,2,2,3
138,0.074074,0–10%,2,2,2,0,0
139,0.294118,10–30%,2,3,1,1,2
140,0.16,10–30%,2,2,0,2,2
141,0.346154,>30%,5,4,1,4,3
142,0.5,>30%,2,0,0,2,0
143,0.473684,>30%,1,3,0,1,3
144,0.15,10–30%,0,0,0,0,0
145,0.736842,>30%,1,0,0,1,0
146,0.185185,10–30%,2,1,0,2,1
147,0.142857,10–30%,3,2,2,1,0
148,0.538462,>30%,1,0,0,1,0
149,0.185185,10–30%,4,5,3,1,2
150,0.176471,10–30%,5,4,2,3,2
151,0.107143,10–30%,3,4,3,0,1
152,0.1,0–10%,4,4,4,0,0
153,0.5,>30%,0,0,0,0,0
154,0.272727,10–30%,3,3,0,3,3
155,0.238095,10–30%,3,3,1,2,2
156,0.117647,10–30%,1,1,1,0,0
157,0.15,10–30%,3,6,3,0,3
158,0.055556,0–10%,2,3,1,1,2
159,0.125,10–30%,4,4,3,1,1
160,0.235294,10–30%,0,0,0,0,0
161,0.357143,>30%,1,1,1,0,0
162,0.473684,>30%,4,0,0,4,0
163,0.238095,10–30%,1,2,1,0,1
164,0.238095,10–30%,5,4,2,3,2
165,0.259259,10–30%,3,4,1,2,3
166,0.3,10–30%,3,2,0,3,2
167,0.421053,>30%,2,1,1,1,0
168,0.115385,10–30%,3,2,1,2,1
169,0.142857,10–30%,8,8,7,1,1
170,0.315789,>30%,2,3,2,0,1
171,0.388889,>30%,4,2,2,2,0
172,0.263158,10–30%,2,2,2,0,0
173,0.4,>30%,3,1,1,2,0
174,0.15,10–30%,1,1,1,0,0
175,0.25,10–30%,1,0,0,1,0
176,0.058824,0–10%,2,2,2,0,0
177,0.315789,>30%,1,2,0,1,2
178,0.47619,>30%,2,2,1,1,1
179,0.263158,10–30%,2,1,0,2,1
180,0.142857,10–30%,4,4,2,2,2
181,0.307692,>30%,2,2,1,1,1
182,0.3,10–30%,1,0,0,1,0
183,0.24,10–30%,4,2,1,3,1
184,0.148148,10–30%,1,1,1,0,0
185,0.4375,>30%,1,0,0,1,0
186,0.25,10–30%,1,0,0,1,0
187,0.263158,10–30%,2,0,0,2,0
188,0.157895,10–30%,0,0,0,0,0
189,0.117647,10–30%,3,4,2,1,2
190,0.12,10–30%,1,1,1,0,0
191,0.521739,>30%,2,2,2,0,0
192,0.190476,10–30%,3,3,2,1,1
193,0.2,10–30%,2,2,1,1,1
194,0.363636,>30%,3,2,0,3,2
195,0.157895,10–30%,1,1,1,0,0
196,0.416667,>30%,1,0,0,1,0
197,0.083333,0–10%,0,0,0,0,0
198,0.294118,10–30%,4,2,1,3,1
199,0.2,10–30%,1,1,1,0,0
200,0.166667,10–30%,4,4,4,0,0
201,0.277778,10–30%,3,2,2,1,0
202,0.16,10–30%,3,4,2,1,2
203,0.304348,>30%,6,6,1,5,5
204,0.166667,10–30%,1,0,0,1,0
205,0.368421,>30%,2,3,0,2,3
206,0.368421,>30%,4,2,0,4,2
207,0.217391,10–30%,0,1,0,0,1
208,0.192308,10–30%,4,4,4,0,0
209,0.210526,10–30%,0,2,0,0,2
210,0.111111,10–30%,2,2,2,0,0
211,0.157895,10–30%,2,3,1,1,2
212,0.148148,10–30%,5,5,5,0,0
213,0.230769,10–30%,2,0,0,2,0
214,0.529412,>30%,2,0,0,2,0
215,0.235294,10–30%,2,2,2,0,0
216,0.352941,>30%,1,2,1,0,1
217,0.1,0–10%,2,2,0,2,2
218,0.25,10–30%,3,2,2,1,0
219,0.357143,>30%,7,4,4,3,0
220,0.269231,10–30%,4,4,2,2,2
221,0.125,10–30%,0,0,0,0,0
222,0.185185,10–30%,5,4,3,2,1
223,0.105263,10–30%,0,0,0,0,0
224,0.25,10–30%,3,2,1,2,1
225,0.588235,>30%,2,2,0,2,2
226,0.5,>30%,2,1,0,2,1
227,0.55,>30%,3,2,0,3,2
228,0.166667,10–30%,2,2,2,0,0
229,0.333333,>30%,2,2,1,1,1
230,0.210526,10–30%,2,2,2,0,0
231,0.5,>30%,2,0,0,2,0
232,0.277778,10–30%,3,5,3,0,2
233,0.230769,10–30%,4,3,0,4,3
234,0.529412,>30%,4,0,0,4,0
235,0.642857,>30%,2,0,0,2,0
236,0.0,0%,2,2,2,0,0
237,0.214286,10–30%,1,0,0,1,0
238,0.263158,10–30%,1,2,0,1,2
239,0.2,10–30%,2,2,2,0,0
240,0.1,0–10%,0,1,0,0,1
241,0.368421,>30%,2,1,1,1,0
242,0.259259,10–30%,5,2,1,4,1
243,0.263158,10–30%,5,6,4,1,2
244,0.388889,>30%,4,3,1,3,2
245,0.263158,10–30%,2,1,1,1,0
246,0.157895,10–30%,1,3,0,1,3
247,0.5,>30%,3,0,0,3,0
248,0.363636,>30%,0,1,0,0,1
249,0.266667,10–30%,5,2,1,4,1
250,0.444444,>30%,0,0,0,0,0
251,0.352941,>30%,3,1,1,2,0
252,0.181818,10–30%,4,3,3,1,0
253,0.277778,10–30%,3,3,0,3,3
254,0.277778,10–30%,2,2,1,1,1
255,0.222222,10–30%,3,3,2,1,1
256,0.352941,>30%,1,2,0,1,2
257,0.185185,10–30%,1,1,1,0,0
258,0.55,>30%,4,2,2,2,0
259,0.470588,>30%,2,4,2,0,2
260,0.090909,0–10%,1,1,1,0,0
261,0.285714,10–30%,4,3,2,2,1
262,0.411765,>30%,1,1,1,0,0
263,0.178571,10–30%,2,3,2,0,1
264,0.235294,10–30%,6,5,3,3,2
265,0.294118,10–30%,4,1,0,4,1
266,0.35,>30%,2,3,1,1,2
267,0.444444,>30%,1,1,1,0,0
268,0.166667,10–30%,3,2,1,2,1
269,0.08,0–10%,4,5,3,1,2
270,0.222222,10–30%,3,4,0,3,4
271,0.315789,>30%,3,2,1,2,1
272,0.3125,>30%,4,2,1,3,1
273,0.363636,>30%,4,1,1,3,0
274,0.15,10–30%,2,3,1,1,2
275,0.190476,10–30%,1,1,1,0,0
276,0.142857,10–30%,5,5,5,0,0
277,0.222222,10–30%,6,4,3,3,1
278,0.285714,10–30%,4,2,1,3,1
279,0.555556,>30%,2,1,1,1,0
280,0.157895,10–30%,5,4,4,1,0
281,0.357143,>30%,3,2,2,1,0
282,0.178571,10–30%,1,1,0,1,1
283,0.111111,10–30%,2,2,1,1,1
284,0.263158,10–30%,2,4,2,0,2
285,0.086957,0–10%,3,3,3,0,0
286,0.6,>30%,1,1,0,1,1
287,0.5625,>30%,3,2,0,3,2
288,0.241379,10–30%,9,5,4,5,1
289,0.25,10–30%,3,3,2,1,1
290,0.210526,10–30%,1,2,1,0,1
291,0.142857,10–30%,3,3,2,1,1
292,0.259259,10–30%,4,3,2,2,1
293,0.058824,0–10%,8,8,7,1,1
294,0.619048,>30%,4,3,2,2,1
295,0.333333,>30%,2,2,0,2,2
296,0.157895,10–30%,3,3,2,1,1
297,0.533333,>30%,5,1,1,4,0
298,0.142857,10–30%,1,1,1,0,0
299,0.444444,>30%,5,1,0,5,1
300,0.294118,10–30%,5,4,1,4,3
301,0.153846,10–30%,2,2,2,0,0
302,0.448276,>30%,6,4,2,4,2
303,0.454545,>30%,0,0,0,0,0
304,0.241379,10–30%,5,5,3,2,2
305,0.421053,>30%,1,2,1,0,1
306,0.117647,10–30%,1,1,1,0,0
307,0.230769,10–30%,5,4,4,1,0
308,0.1875,10–30%,2,1,1,1,0
309,0.375,>30%,2,1,1,1,0
310,0.214286,10–30%,2,2,2,0,0
311,0.210526,10–30%,2,2,2,0,0
312,0.285714,10–30%,2,0,0,2,0
313,0.304348,>30%,2,1,1,1,0
314,0.111111,10–30%,3,4,3,0,1
315,0.411765,>30%,2,0,0,2,0
316,0.3,10–30%,1,2,1,0,1
317,0.066667,0–10%,3,3,3,0,0
318,0.25,10–30%,5,4,4,1,0
319,0.235294,10–30%,5,5,4,1,1
320,0.105263,10–30%,2,4,2,0,2
321,0.2,10–30%,1,0,0,1,0
322,0.555556,>30%,1,1,0,1,1
323,0.076923,0–10%,2,2,2,0,0
324,0.166667,10–30%,2,3,2,0,1
325,0.366667,>30%,3,1,0,3,1
326,0.368421,>30%,0,0,0,0,0
327,0.111111,10–30%,4,5,4,0,1
328,0.258065,10–30%,4,5,1,3,4
329,0.357143,>30%,5,1,1,4,0
330,0.277778,10–30%,4,5,3,1,2
331,0.157895,10–30%,4,4,4,0,0
332,0.2,10–30%,1,0,0,1,0
333,0.166667,10–30%,2,2,2,0,0
334,0.105263,10–30%,0,0,0,0,0
335,0.153846,10–30%,1,1,0,1,1
336,0.3,10–30%,4,2,2,2,0
337,0.235294,10–30%,2,1,0,2,1
338,0.388889,>30%,4,3,2,2,1
339,0.225806,10–30%,5,3,1,4,2
340,0.285714,10–30%,2,4,2,0,2
341,0.227273,10–30%,4,4,3,1,1
342,0.666667,>30%,2,1,0,2,1
343,0.294118,10–30%,2,2,1,1,1
344,0.315789,>30%,3,4,1,2,3
345,0.172414,10–30%,3,3,3,0,0
346,0.166667,10–30%,3,3,2,1,1
347,0.4,>30%,2,1,1,1,0
348,0.1,0–10%,3,2,1,2,1
349,0.32,>30%,3,2,2,1,0
350,0.294118,10–30%,5,3,2,3,1
351,0.25,10–30%,3,4,2,1,2
352,0.1875,10–30%,0,0,0,0,0
353,0.35,>30%,4,4,3,1,1
354,0.263158,10–30%,2,2,1,1,1
355,0.25,10–30%,4,2,2,2,0
356,0.333333,>30%,2,1,1,1,0
357,0.333333,>30%,2,1,0,2,1
358,0.086957,0–10%,1,1,1,0,0
359,0.153846,10–30%,7,6,4,3,2
360,0.269231,10–30%,5,5,1,4,4
361,0.333333,>30%,5,4,4,1,0
362,0.142857,10–30%,3,3,1,2,2
363,0.166667,10–30%,1,1,1,0,0
364,0.25,10–30%,4,4,2,2,2
365,0.45,>30%,3,2,0,3,2
366,0.222222,10–30%,3,1,1,2,0
367,0.241379,10–30%,4,2,2,2,0
368,0.666667,>30%,4,1,0,4,1
369,0.2,10–30%,3,2,1,2,1
370,0.210526,10–30%,3,4,2,1,2
371,0.235294,10–30%,5,4,3,2,1
372,0.210526,10–30%,2,2,1,1,1
373,0.25,10–30%,3,0,0,3,0
374,0.4,>30%,3,3,2,1,1
375,0.296296,10–30%,1,0,0,1,0
376,0.15,10–30%,3,2,2,1,0
377,0.178571,10–30%,4,4,2,2,2
378,0.090909,0–10%,1,2,0,1,2
379,0.263158,10–30%,2,1,1,1,0
380,0.1,0–10%,2,2,2,0,0
381,0.2,10–30%,3,2,2,1,0
382,0.222222,10–30%,1,0,0,1,0
383,0.222222,10–30%,2,3,2,0,1
384,0.454545,>30%,3,2,2,1,0
385,0.533333,>30%,1,0,0,1,0
386,0.272727,10–30%,2,1,1,1,0
387,0.148148,10–30%,1,2,1,0,1
388,0.222222,10–30%,1,1,0,1,1
389,0.615385,>30%,3,0,0,3,0
390,0.142857,10–30%,3,3,3,0,0
391,0.210526,10–30%,1,0,0,1,0
392,0.173913,10–30%,7,6,6,1,0
393,0.333333,>30%,3,2,1,2,1
394,0.277778,10–30%,2,1,1,1,0
395,0.217391,10–30%,4,4,2,2,2
396,0.28,10–30%,1,1,1,0,0
397,0.428571,>30%,3,1,1,2,0
398,0.15,10–30%,3,3,3,0,0
399,0.315789,>30%,6,5,3,3,2
400,0.5,>30%,1,1,1,0,0
401,0.5,>30%,1,1,0,1,1
402,0.157895,10–30%,5,4,4,1,0
403,0.259259,10–30%,2,1,0,2,1
404,0.294118,10–30%,2,1,1,1,0
405,0.142857,10–30%,4,2,1,3,1
406,0.210526,10–30%,0,0,0,0,0
407,0.333333,>30%,2,1,1,1,0
408,0.35,>30%,1,1,1,0,0
409,0.1,0–10%,0,1,0,0,1
410,0.444444,>30%,2,2,1,1,1
411,0.142857,10–30%,1,3,1,0,2
412,0.444444,>30%,3,4,3,0,1
413,0.2,10–30%,4,3,3,1,0
414,0.074074,0–10%,3,3,3,0,0
415,0.166667,10–30%,8,7,4,4,3
416,0.133333,10–30%,0,1,0,0,1
417,0.416667,>30%,1,2,0,1,2
418,0.055556,0–10%,2,2,2,0,0
419,0.166667,10–30%,1,0,0,1,0
420,0.333333,>30%,4,3,1,3,2
421,0.235294,10–30%,1,1,1,0,0
422,0.2,10–30%,5,4,3,2,1
423,0.068966,0–10%,2,3,2,0,1
424,0.6,>30%,3,0,0,3,0
425,0.294118,10–30%,0,0,0,0,0
426,0.25,10–30%,3,3,1,2,2
427,0.321429,>30%,3,4,2,1,2
428,0.266667,10–30%,3,2,2,1,0
429,0.368421,>30%,2,3,1,1,2
430,0.227273,10–30%,7,3,3,4,0
431,0.3,10–30%,2,1,1,1,0
432,0.304348,>30%,4,4,2,2,2
433,0.294118,10–30%,2,2,2,0,0
434,0.380952,>30%,3,3,2,1,1
435,0.384615,>30%,3,1,0,3,1
436,0.294118,10–30%,0,0,0,0,0
437,0.291667,10–30%,3,3,3,0,0
438,0.210526,10–30%,3,4,2,1,2
439,0.2,10–30%,2,2,2,0,0
440,0.206897,10–30%,3,3,3,0,0
441,0.222222,10–30%,1,1,0,1,1
442,0.137931,10–30%,6,5,3,3,2
443,0.888889,>30%,2,0,0,2,0
444,0.235294,10–30%,4,3,2,2,1
445,0.294118,10–30%,5,3,2,3,1
446,0.235294,10–30%,3,1,0,3,1
447,0.176471,10–30%,1,2,1,0,1
448,0.111111,10–30%,3,3,3,0,0
449,0.421053,>30%,2,1,1,1,0
450,0.416667,>30%,0,0,0,0,0
451,0.368421,>30%,3,3,1,2,2
452,0.277778,10–30%,7,3,3,4,0
453,0.074074,0–10%,2,2,2,0,0
454,0.2,10–30%,2,0,0,2,0
455,0.157895,10–30%,0,0,0,0,0
456,0.15,10–30%,3,3,1,2,2
457,0.166667,10–30%,8,7,7,1,0
458,0.235294,10–30%,3,4,1,2,3
459,0.777778,>30%,4,0,0,4,0
460,0.166667,10–30%,2,2,2,0,0
461,0.4,>30%,0,0,0,0,0
462,0.105263,10–30%,4,4,4,0,0
463,0.133333,10–30%,2,3,2,0,1
464,0.411765,>30%,3,1,1,2,0
465,0.190476,10–30%,3,2,2,1,0
466,0.157895,10–30%,1,1,1,0,0
467,0.388889,>30%,2,4,1,1,3
468,0.208333,10–30%,3,1,1,2,0
469,0.210526,10–30%,1,1,1,0,0
470,0.470588,>30%,4,5,3,1,2
471,0.222222,10–30%,2,2,2,0,0
472,0.222222,10–30%,0,0,0,0,0
473,0.269231,10–30%,4,1,0,4,1
474,0.222222,10–30%,7,7,4,3,3
475,0.178571,10–30%,3,4,3,0,1
476,0.388889,>30%,5,4,2,3,2
477,0.15,10–30%,4,4,4,0,0
478,0.176471,10–30%,4,4,3,1,1
479,0.3,10–30%,0,0,0,0,0
480,0.368421,>30%,4,3,3,1,0
481,0.222222,10–30%,1,1,1,0,0
482,0.235294,10–30%,3,2,1,2,1
483,0.4,>30%,4,3,1,3,2
484,0.388889,>30%,1,1,0,1,1
485,0.176471,10–30%,1,1,1,0,0
486,0.25,10–30%,4,5,4,0,1
487,0.388889,>30%,5,3,2,3,1
488,0.263158,10–30%,1,0,0,1,0
489,0.588235,>30%,5,0,0,5,0
490,0.294118,10–30%,2,2,2,0,0
491,0.388889,>30%,1,0,0,1,0
492,0.25,10–30%,2,1,1,1,0
493,0.227273,10–30%,4,3,3,1,0
494,0.25,10–30%,1,1,1,0,0
495,0.357143,>30%,4,2,2,2,0
496,0.3,10–30%,2,0,0,2,0
497,0.055556,0–10%,0,0,0,0,0
498,0.222222,10–30%,3,2,2,1,0
499,0.222222,10–30%,0,2,0,0,2
