sample_id,reference_text,asr_hypothesis,corrected_from_asr,corrected_from_reference,wer_asr_raw,wer_after_correction,wer_overcorrection,verdict
utt_id_test_000027,thưa quý vị thuyên tắc huyết khối tĩnh mạch là căn bệnh có rất ít dấu hiệu cảnh báo bệnh nguy hiểm nếu không được,vừa rồi thưa quý vị thuyên tắc huyết khối tĩnh mạch là căn bệnh có rất ít dấu hiệu cảnh báo bệnh nguy hiểm nếu không được phát hiện.,vừa rồi thưa quý vị thuyên tắc huyết khối tĩnh mạch là căn bệnh có rất ít dấu hiệu cảnh báo bệnh nguy hiểm nếu không được phát hiện.,"Thưa quý vị, thuyên tắc huyết khối tĩnh mạch là căn bệnh có rất ít dấu hiệu cảnh báo bệnh nguy hiểm, nếu không được.",0.16,0.16,0.0,khong_doi
utt_id_test_000103,giờ xin mời quý vị đang theo dõi chương trình có thể lắng nghe kỹ hơn cũng như là gửi câu trả lời này của bác sĩ nghe,quý vị đang theo dõi chương trình có thể lắng nghe kỹ hơn cũng như là gửi câu trả lời này của bác sĩ nghe sau đây.,quý vị đang theo dõi chương trình có thể lắng nghe kỹ hơn cũng như là gửi câu trả lời này của bác sĩ nghe sau đây.,Giờ xin mời quý vị đang theo dõi chương trình có thể lắng nghe kỹ hơn cũng như là gửi câu trả lời này của bác sĩ nghe.,0.1786,0.1786,0.0,khong_doi
utt_id_test_000109,đến tạo hình thẩm mỹ cho khách hàng thưa quý vị với các lợi thế về phát triển du,liên quan đến tạo hình thẩm mỹ cho khách hàng thưa quý vị với các lợi thế về phát triển dài.,liên quan đến tạo hình thẩm mỹ cho khách hàng thưa quý vị với các lợi thế về phát triển dài.,"đến tạo hình thẩm mỹ cho khách hàng, thưa quý vị, với các lợi thế về phát triển du lịch.",0.1579,0.1579,0.0526,khong_doi
utt_id_test_000123,quý khán giả về thuyên tắc huyết khối tĩnh mạch cũng như nhận biết được nguy cơ và dự phòng bệnh hiệu quả thưa quý vị trước,unk quý khán giả về thuyên tắc huyết khối tĩnh mạch cũng như nhận biết được nguy cơ và dự phòng bệnh hiệu quả thưa quý vị trước khi bắt.,unk quý khán giả về thuyên tắc huyết khối tĩnh mạch cũng như nhận biết được nguy cơ và dự phòng bệnh hiệu quả thưa quý vị trước khi bắt.,"Quý khán giả về thuyên tắc huyết khối tĩnh mạch cũng như nhận biết được nguy cơ và dự phòng bệnh hiệu quả, thưa quý vị trước?",0.1111,0.1111,0.0,khong_doi
utt_id_test_000131,thế còn là ưu điểm tiếp theo của cấy que tránh thai là vị trí cấy thì là kín đáo,thế còn ưu điểm tiếp theo của cái cấy que chánh thai là vị trí cấy thì là kín đáo.,thế còn ưu điểm tiếp theo của cái cấy que chánh thai là vị trí cấy thì là kín đáo.,Thế còn là ưu điểm tiếp theo của cấy que tránh thai là vị trí cấy thì là kín đáo.,0.15,0.15,0.0,khong_doi
utt_id_test_000178,rất là hay bởi vì là khi mà muốn dùng một biện pháp ngừa thai nào mà đạt được,thật là hay bởi vì là khi mà muốn dùng một biện pháp ngừa thai nào mà.,thật là hay bởi vì là khi mà muốn dùng một biện pháp ngừa thai nào mà.,rất là hay bởi vì là khi mà muốn dùng một biện pháp ngừa thai nào mà đạt được.,0.1579,0.1579,0.0,khong_doi
utt_id_test_000188,tạo nó đặc trưng cho cái chuyên ngành y tế mềm dẻo và trong thì có chứa nội tiết,cấu tạo nó đặc chủng cho cái chuyên ngành y tế mềm dẻo và trong thì có chứa nội tiết tố.,cấu tạo nó đặc chủng cho cái chuyên ngành y tế mềm dẻo và trong thì có chứa nội tiết tố.,Tạo nó đặc trưng cho cái chuyên ngành y tế mềm dẻo và trong thì có chứa nội tiết.,0.1579,0.1579,0.0,khong_doi
utt_id_test_000285,và bạn thực hiện các biện pháp này thì thứ nhất là phải có chỉ định là cái hai,khi mà bạn thực hiện chế biện pháp này thì thứ nhất là phải có chỉ định là cái.,khi mà bạn thực hiện chế biện pháp này thì thứ nhất là phải có chỉ định là cái.,"Và bạn thực hiện các biện pháp này thì thứ nhất là phải có chỉ định, là cái hai.",0.2105,0.2105,0.0,khong_doi
utt_id_test_000293,có chia sẻ là nếu như mà thì cái phương pháp tránh thai này nó can thiệp vào cơ thể mình nếu như mình mà không lựa,có chia sẻ là nếu như mà những cái phương pháp tránh thai này nó can thiệp vào cơ thể mình mà nếu như mình mà không lựa.,có chia sẻ là nếu như mà những cái phương pháp tránh thai này nó can thiệp vào cơ thể mình mà nếu như mình mà không lựa.,"Có chia sẻ là nếu như mà... thì cái phương pháp tránh thai này nó can thiệp vào cơ thể mình, nếu như mình mà không lựa.",0.0741,0.0741,0.0,khong_doi
utt_id_test_000323,que tránh thai thì có tác dụng từ ba,que thánh thai thì có tác dụng từ ba đến năm năm.,que thánh thai thì có tác dụng từ ba đến năm năm.,que tránh thai thì có tác dụng từ ba.,0.4444,0.4444,0.0,khong_doi
utt_id_test_000327,em sử dụng rất là dễ dàng dễ dàng và tiện lợi không vướng víu khi mà mình làm,em sử dụng rất dễ dàng dễ dàng và tiện lợi à không vướng víu khi mà mình là làm công tác.,em sử dụng rất dễ dàng dễ dàng và tiện lợi à không vướng víu khi mà mình là làm công tác.,"Em sử dụng rất là dễ dàng, dễ dàng và tiện lợi, không vướng víu khi mà mình làm.",0.2632,0.2632,0.0,khong_doi
utt_id_test_000357,là những trường hợp chống chỉ định sẽ không được đặt chống chỉ định là,thứ hai là những trường hợp chống chỉ định sẽ không được đặt à.,thứ hai là những trường hợp chống chỉ định sẽ không được đặt à.,là những trường hợp chống chỉ định sẽ không được đặt chống chỉ định là.,0.4,0.4,0.0,khong_doi
utt_id_test_000380,tao nghe bác sĩ tư vấn thì với vấn đề mà tôi gặp phải thì tôi nhất định là,nghe bác sỹ tư vấn thì với những vấn đề mà tôi gặp phải thì tôi quyết định là.,nghe bác sỹ tư vấn thì với những vấn đề mà tôi gặp phải thì tôi quyết định là.,Tôi nghe bác sĩ tư vấn thì với vấn đề mà tôi gặp phải thì tôi nhất định là.,0.2105,0.2105,0.0526,khong_doi
utt_id_test_000384,pháp nào không để mình có một cái lựa chọn tốt nhất chị nhé dạ vâng ạ xin cảm ơn bác sĩ và xin cảm ơn chương,nào không để mình có một cái lựa chọn tốt nhất chị nhé dạ vâng ạ xin cảm ơn bác sĩ và xin ái sáng.,nào không để mình có một cái lựa chọn tốt nhất chị nhé dạ vâng ạ xin cảm ơn bác sĩ và xin ái sáng.,"Pháp nào không để mình có một cái lựa chọn tốt nhất chị nhé. Dạ, vâng ạ, xin cảm ơn bác sĩ và xin cảm ơn chương.",0.1481,0.1481,0.0,khong_doi
utt_id_test_000397,cái quyết định phù hợp nhất đối với cái thể trạng của mỗi người bây giờ thì chúng tôi cũng đang nhận được một một,quy định phù hợp nhất đối với cái thể trạng của mỗi người bây giờ thì chúng tôi cũng đang nhận được buộc một cuộc kết nối.,quy định phù hợp nhất đối với cái thể trạng của mỗi người bây giờ thì chúng tôi cũng đang nhận được buộc một cuộc kết nối.,Cái quyết định phù hợp nhất đối với cái thể trạng của mỗi người bây giờ thì chúng tôi cũng đang nhận được một một.,0.24,0.24,0.0,khong_doi
utt_id_test_000414,ví dụ như là những cái thuốc đang điều trị lao này hiv này hoặc là những người bị bệnh,unk ví dụ như là những cái thuốc đang điều trị lao này hiv này hoặc là những người.,unk ví dụ như là những cái thuốc đang điều trị lao này hiv này hoặc là những người.,"Ví dụ như là những cái thuốc đang điều trị lao này, HIV này hoặc là những người bị bệnh.",0.15,0.15,0.0,khong_doi
utt_id_test_000419,đưa ra chỉ định với những trường hợp sau sinh đặc biệt sinh thường mà muốn áp dụng,và đưa ra chỉ định à với những trường hợp sau sinh đặc biệt là sinh thường mà muốn áp dụng.,và đưa ra chỉ định à với những trường hợp sau sinh đặc biệt là sinh thường mà muốn áp dụng.,"đưa ra chỉ định với những trường hợp sau sinh đặc biệt, sinh thường mà muốn áp dụng.",0.1667,0.1667,0.0,khong_doi
utt_id_test_000420,thường gặp khi các bạn muốn sử dụng biện pháp tránh thai đấy là nỗi băn khoăn của,rất là thường gặp khi các bạn muốn sử dụng biện pháp tránh thai đấy là nỗi băn khoăn của.,rất là thường gặp khi các bạn muốn sử dụng biện pháp tránh thai đấy là nỗi băn khoăn của.,"thường gặp khi các bạn muốn sử dụng biện pháp tránh thai, đấy là nỗi băn khoăn của.",0.1111,0.1111,0.0,khong_doi
utt_id_test_000457,đặt que cấy được không ạ hay là phải những cái có sở y tế ở tuyến cao hơn ạ,đặt que cấy được không ạ hay là phải những cái cơ sở y tế ở tuyến cao hơn ạ.,đặt que cấy được không ạ hay là phải những cái cơ sở y tế ở tuyến cao hơn ạ.,Đặt que cấy được không ạ hay là phải những cái có sở y tế ở tuyến cao hơn ạ?,0.05,0.05,0.0,khong_doi
utt_id_test_000512,tất cả những thắc mắc đó của mình nhá vâng xin cảm ơn câu hỏi của bạn xin phép bạn tên là gì nhỉ năm nay bạn,sẽ giải đáp tất cả những thắc mắc đó của mình nha vâng xin cảm ơn câu hỏi của bạn à xin phép bạn tên là gì nhở năm nay.,sẽ giải đáp tất cả những thắc mắc đó của mình nha vâng xin cảm ơn câu hỏi của bạn à xin phép bạn tên là gì nhở năm nay.,"Tất cả những thắc mắc đó của mình nhá, vâng, xin cảm ơn câu hỏi của bạn, xin phép bạn tên là gì nhỉ, năm nay bạn?",0.2593,0.2593,0.0,khong_doi
utt_id_test_000572,bệnh mãn tính đi kèm ví dụ như bệnh tim mạch hô hấp chẳng hạn như vậy thì họ cần,cũng có bệnh mãn tính đi kèm ví dụ như bệnh tim mạch hô hấp chẳng hạn như vậy thì họ cần.,cũng có bệnh mãn tính đi kèm ví dụ như bệnh tim mạch hô hấp chẳng hạn như vậy thì họ cần.,"bệnh mãn tính đi kèm, ví dụ như bệnh tim mạch, hô hấp chẳng hạn, như vậy thì họ cần.",0.1,0.1,0.0,khong_doi
utt_id_test_000637,phục hồi lại được và thứ hai thì bà con nhớ là khi mà mất răng thì cái xương nó sẽ tiêu rất là nhanh trong trong sáu tháng,đều có cách phục hồi lại được và thứ hai thì bà con nhớ là khi mất răng thì cái xương sẽ tiêu rất là nhanh trong xấu.,đều có cách phục hồi lại được và thứ hai thì bà con nhớ là khi mất răng thì cái xương sẽ tiêu rất là nhanh trong xấu.,"phục hồi lại được và thứ hai thì bà con nhớ là khi mà mất răng thì cái xương nó sẽ tiêu rất là nhanh, trong trong sáu tháng.",0.2759,0.2759,0.0,khong_doi
utt_id_test_000654,kiểm soát được thì thường là sẽ làm làm làm được và cái cái trồng implant thì mình thấy là nó không đau nhổ răng nó,kèm kiểm soát được thì thường là sẽ làm được và cái tròng im lan thì mình thấy là nó không đau nhổ răng.,kèm kiểm soát được thì thường là sẽ làm được và cái tròng im lan thì mình thấy là nó không đau nhổ răng.,"Kiểm soát được thì thường là sẽ làm, làm làm được và cái cái trồng implant thì mình thấy là nó không đau, nhổ răng nó.",0.2692,0.2692,0.0,khong_doi
utt_id_test_000667,mình ăn nhai lâu ngày thì cái hàm giả đó đó nó làm cấn xuống cái phần niêm mạc và cơ phần xương bên dưới thì khi mà cái,thì khi ăn nhai lâu ngày thì hầm giả đó nó làm cấn xuống phần niêm mạc phải có phần xương bên dưới.,thì khi ăn nhai lâu ngày thì hầm giả đó nó làm cấn xuống phần niêm mạc phải có phần xương bên dưới.,"Mình ăn nhai lâu ngày thì cái hàm giả đó đó, nó làm cấn xuống cái phần niêm mạc và cơ phần xương bên dưới thì khi mà cái.",0.4138,0.4138,0.0,khong_doi
utt_id_test_000701,mình ghép xương thì sau đó mình phải trồng implant và khi mà trồng implant rồi mình vẫn phải vệ sinh để giữ cái,và mình ghép xương thì sau đó mình phải trồng im lan và khi mà trồng im lan rồi mình vẫn phải vệ sinh để giữ cái.,và mình ghép xương thì sau đó mình phải trồng im lan và khi mà trồng im lan rồi mình vẫn phải vệ sinh để giữ cái.,Mình ghép xương thì sau đó mình phải trồng implant và khi mà trồng implant rồi mình vẫn phải vệ sinh để giữ cái.,0.2083,0.2083,0.0,khong_doi
utt_id_test_000788,định nhổ tại vì những răng đó trong cùng mà nhiều khi chịu chữa tủy nó sẽ khó còn,chỉ định nhổ tại vì những răng đó trong cùng nhiều khi chữa tủy nó sẽ khó.,chỉ định nhổ tại vì những răng đó trong cùng nhiều khi chữa tủy nó sẽ khó.,định nhổ tại vì những răng đó trong cùng mà nhiều khi chịu chữa tủy nó sẽ khó còn.,0.2105,0.2105,0.0,khong_doi
utt_id_test_000815,hàm nó sẽ bị teo nó bị tiêu đi và nó tiêu thì có thể là hiện giờ thì con anh đã chụp phim và như vậy cái xương hàm ở,đã là cái xương hàm nó sẽ bị teo tiêu đi và nó tiêu thì có thể là hiện giờ thì con anh đã chụp phim và như vậy.,đã là cái xương hàm nó sẽ bị teo tiêu đi và nó tiêu thì có thể là hiện giờ thì con anh đã chụp phim và như vậy.,"Hàm nó sẽ bị teo, nó bị tiêu đi và nó tiêu thì có thể là hiện giờ thì con anh đã chụp phim và như vậy cái xương hàm ở.",0.3226,0.3226,0.0,khong_doi
utt_id_test_000859,xương tức là sẽ làm cho cái xương nó đầy lại thì ngày nay thì với cái khoa học và về nha khoa và răng mặt rất phát triển,tôi phải tái tạo xương tức là sẽ làm cho cái xương ở đây lại thì ngày nay thì với cái khoa học và về nha khoa.,tôi phải tái tạo xương tức là sẽ làm cho cái xương ở đây lại thì ngày nay thì với cái khoa học và về nha khoa.,Xương tức là sẽ làm cho cái xương nó đầy lại thì ngày nay thì với cái khoa học và về nha khoa và răng mặt rất phát triển.,0.4138,0.4138,0.0,khong_doi
utt_id_test_000882,phải làm cái gì cái gì vậy đó thì bác sĩ có thể về giải thích cụ thể hơn dạ thì nó sẽ có hai trường hợp khi mà,bị phải làm cái gì cái gì vậy đó thì bác sĩ có thể giải thích cụ thể hơn dạ thì nó sẽ có hai trường hợp.,bị phải làm cái gì cái gì vậy đó thì bác sĩ có thể giải thích cụ thể hơn dạ thì nó sẽ có hai trường hợp.,"Phải làm cái gì, cái gì vậy đó thì bác sĩ có thể về giải thích cụ thể hơn, dạ thì nó sẽ có hai trường hợp khi mà.",0.1379,0.1379,0.0,khong_doi
utt_id_test_000896,giờ nghe nghe chú chú kể đó thì có thể là chú bị một cái bình mà rất là thường gặp trong trong nha khoa là bệnh lý về,thì nãy giờ nghe nghe chú chưa kể đó thì có thể là chú bị một cái cái bệnh mà rất là thường gặp trong trong nha khoa đó là bệnh lý.,thì nãy giờ nghe nghe chú chưa kể đó thì có thể là chú bị một cái cái bệnh mà rất là thường gặp trong trong nha khoa đó là bệnh lý.,Giờ nghe nghe chú chú kể đó thì có thể là chú bị một cái bình mà rất là thường gặp trong trong nha khoa là bệnh lý về.,0.2414,0.2414,0.0,khong_doi
utt_id_test_000903,hàm nhiều thì cái gương mặt của mình có vẻ là bị mớm đi thì những trường hợp đó là những cái trường hợp ảnh hưởng đến,tiêu thương hàm nhiều thì cái gương mặt của mình có vẻ là bị móm đi thì những trường hợp đó là những trường hợp ảnh hưởng.,tiêu thương hàm nhiều thì cái gương mặt của mình có vẻ là bị móm đi thì những trường hợp đó là những trường hợp ảnh hưởng.,"Hà nhiều thì cái gương mặt của mình có vẻ là bị mớm đi, thì những trường hợp đó là những cái trường hợp ảnh hưởng đến.",0.1852,0.1852,0.037,khong_doi
utt_id_test_000915,những cái thủ tục làm thì càng ngày nó sẽ càng nhẹ nhàng hơn và ít xâm lấn hơn họ chẳng hạn những cái ca hiện giờ,phương pháp vô cảm những cái thủ tục làm thì càng ngày sẽ càng nhẹ nhàng hơn và ít xâm lấn hơn.,phương pháp vô cảm những cái thủ tục làm thì càng ngày sẽ càng nhẹ nhàng hơn và ít xâm lấn hơn.,"Những cái thủ tục làm thì càng ngày nó sẽ càng nhẹ nhàng hơn và ít xâm lấn hơn họ, chẳng hạn những cái của hiện giờ.",0.4815,0.4815,0.037,khong_doi
utt_id_test_000934,là mười implant thì giữ một cái hàm răng giả tuy nhiên ngày nay đó thì thông thường thì có một số trường hợp là chọn,hay là mười em lan để giữ một cái hàm răng giả tuy nhiên ngày nay thì thông thường thì có một số trường hợp.,hay là mười em lan để giữ một cái hàm răng giả tuy nhiên ngày nay thì thông thường thì có một số trường hợp.,"là mười implant thì giữ một cái hàm răng giả, tuy nhiên ngày nay đó thì thông thường thì có một số trường hợp là chọn.",0.2692,0.2692,0.0,khong_doi
utt_id_test_000953,phải phải phải nhổ đi thì như vậy răng của cô lý đã nhổ lâu rồi nhưng mà vẫn,thì khi đó bắt buộc phải nhổ đi thì như vậy răng của cô lý đã nhổ lâu rồi.,thì khi đó bắt buộc phải nhổ đi thì như vậy răng của cô lý đã nhổ lâu rồi.,"Phải, phải phải nhổ đi thì như vậy, răng của cô Lý đã nhổ lâu rồi nhưng mà vẫn...",0.4211,0.4211,0.0,khong_doi
utt_id_test_000954,thì lúc nãy thì tôi có khám trên chân răng của cô ha thì cái này là mình cái,à thì lúc nãy thì tôi có khám trên chân răng của cô ha thì cái này là mình.,à thì lúc nãy thì tôi có khám trên chân răng của cô ha thì cái này là mình.,thì lúc nãy thì tôi có khám trên chân răng của cô ta thì cái này là mình cái.,0.1053,0.1053,0.0526,khong_doi
utt_id_test_001004,đối với người lớn tuổi mà bị sốt và cái thời điểm này thì ở nhiệt độ bao nhiêu là nên có thể uống thuốc hạ sốt tại nhà,ờ đối với người lớn tuổi mà bị sốt ở cái thời điểm này thì ở nhiệt độ bao nhiêu là nên có thể uống thuốc hạ sốt.,ờ đối với người lớn tuổi mà bị sốt ở cái thời điểm này thì ở nhiệt độ bao nhiêu là nên có thể uống thuốc hạ sốt.,Đối với người lớn tuổi mà bị sốt vào cái thời điểm này thì ở nhiệt độ bao nhiêu là nên có thể uống thuốc hạ sốt tại nhà.,0.1379,0.1379,0.0345,khong_doi
utt_id_test_001084,còn nếu như viêm phổi mà nó chỉ sốt ở dạng thấp thì làm sao phân biệt ở cái nhiệt độ bao nhiêu thì đưa đi cấp cứu,tại nhà còn nếu như viêm phổi mà nó chỉ sốt ở dạng thấp thì làm sao phân biệt ở cái nhiệt độ bao nhiêu thì đưa đi cấp cứu.,tại nhà còn nếu như viêm phổi mà nó chỉ sốt ở dạng thấp thì làm sao phân biệt ở cái nhiệt độ bao nhiêu thì đưa đi cấp cứu.,Còn nếu như viêm phổi mà nó chỉ sốt ở dạng thấp thì làm sao phân biệt ở cái nhiệt độ bao nhiêu thì đưa đi cấp cứu?,0.0714,0.0714,0.0,khong_doi
utt_id_test_001094,thì chúng ta nên lo và hỏi ý kiến bác sĩ đa số trẻ bình thường sẽ có các giá trị,thì chúng ta nên lo và hỏi ý kiến bác sĩ đa số trẻ bình thường sẽ có các giá trị.,thì chúng ta nên lo và hỏi ý kiến bác sĩ đa số trẻ bình thường sẽ có các giá trị.,"thì chúng ta nên lo và hỏi ý kiến bác sĩ, đa số trẻ bình thường sẽ có các giá trị.",0.0,0.0,0.0,khong_doi
utt_id_test_001127,thú thỏa mãn và được quan tâm quan tâm kiểu gì không cần biết nhé miễn quan tâm,thú thỏa mãn và được quan tâm quan tâm kiểu gì không cần biết nhé miễn quan tâm là được.,thú mãn và được quan tâm quan tâm kiểu gì không cần biết nhé miễn quan tâm là được.,"Thú mãn và được quan tâm, quan tâm kiểu gì không cần biết nhé, miễn quan tâm.",0.1111,0.1667,0.0556,xau_di
utt_id_test_001139,nên sẽ không cảm thấy lo sợ nhiều mặc dù vẫn có thể khóc lóc khi chia tay,nên sẽ không cảm thấy lo sợ nhiều mặc dù vẫn có thể khóc lóc khi chia tay.,nên sẽ không cảm thấy lo sợ nhiều mặc dù vẫn có thể khóc lóc khi chia tay.,nên sẽ không cảm thấy lo sợ nhiều mặc dù vẫn có thể khóc lóc khi chia tay.,0.0,0.0,0.0,khong_doi
utt_id_test_001140,được sự đột ngột cũng như sự khó chịu dùm cho bé cũng như nếu được huấn luyện,cũng như nếu được huấn luyện bằng cách ăn uống và ăn nghỉ ngơi.,cũng như nếu được huấn luyện bằng cách ăn uống và ăn nghỉ ngơi.,được sự đột ngột cũng như sự khó chịu dùm cho bé cũng như nếu được huấn luyện.,0.8889,0.8889,0.0,khong_doi
utt_id_test_001186,và trẻ chỉ cần vài phút thôi tắt hết điện thoại bỏ cả tivi ipad mà bạn thường,và trẻ chỉ cần vài phút thôi tắt hết điện thoại bỏ cả tivi ipad mà bạn thường thấy.,và trẻ chỉ cần vài phút thôi tắt hết điện thoại bỏ cả tivi ipad mà bạn thường thấy.,"Và trẻ chỉ cần vài phút thôi tắt hết điện thoại, bỏ cả tivi, ipad mà bạn thường.",0.0556,0.0556,0.0,khong_doi
utt_id_test_001201,tuổi không nên đo đạc quá thường xuyên nhưng mỗi ngày hoặc vài lần một tuần một,hai tháng tuổi không nên đo đạc quá thường xuyên như mỗi ngày hoặc vài lần một tuần.,hai tháng tuổi không nên đo đạc quá thường xuyên như mỗi ngày hoặc vài lần một tuần.,Tuổi không nên đo đạc quá thường xuyên nhưng mỗi ngày hoặc vài lần một tuần một.,0.2353,0.2353,0.0,khong_doi
utt_id_test_001379,có thói quen ăn uống khỏe mạnh hợp lý hay không trẻ có thể thiết lập được một,thói quen ăn uống khỏe mạnh hợp lý hay không chả có thể thiết lập được.,thói quen ăn uống mạnh hợp lý hay không chả có thể thiết lập được.,"Có thói quen ăn uống lành mạnh, hợp lý hay không trẻ có thể thiết lập được một.",0.1667,0.2222,0.0556,xau_di
utt_id_test_001394,lý như khi trẻ đi tè đi cầu bị bệnh hoặc đơn giản là do sai số của bạn cân biểu,chế độ sinh lý như khi trẻ đi tè đi cầu bị bệnh hoặc đơn giản là do sai số của bàn cân.,chế độ sinh lý như khi trẻ đi tè đi cầu bị bệnh hoặc đơn giản là do sai số của bàn cân.,"lý như khi trẻ đi tè, đi cầu bị bệnh hoặc đơn giản là do sai số của bạn cân biểu.",0.2381,0.2381,0.0,khong_doi
utt_id_test_001409,bà nhớ rằng đây là thời điểm vàng để chúng ta có thể thiết lập các thói quen khỏe mạnh cho con trẻ hãy linh động mở,và nhớ rằng đây là thời điểm vàng để chúng ta có thể thiết lập các thói quen khỏe mạnh cho con trẻ hãy linh động mở lòng.,và nhớ rằng đây là thời điểm vàng để chúng ta có thể thiết lập các thói quen mạnh cho con trẻ hãy linh động mở lòng.,"Bà nhớ rằng đây là thời điểm vàng để chúng ta có thể thiết lập các thói quen mạnh cho con trẻ, hãy linh động mở.",0.0741,0.1111,0.037,xau_di
utt_id_test_001456,thì các bạn sẽ thấy các đường tô đậm đây là những đường tham khảo cung tăng,các bạn sẽ thấy các đường tu đậm đây là những đường tham khảo cung tăng.,các bạn sẽ thấy các đường tu đậm đây là những đường tham khảo cung tăng.,"thì các bạn sẽ thấy các đường tô đậm, đây là những đường tham khảo cung tăng.",0.1176,0.1176,0.0,khong_doi
utt_id_test_001471,sợ khi bị tiếp cận bạn nên bồng con lên vỗ về thủ thỉ trấn an cho bé đồng thời,khi bị tiếp cận bạn nên bồng con lên vỗ về thủ thỉ trấn an cho bé.,khi bị tiếp cận bạn nên bồng con lên vỗ về thủ thỉ trấn an cho bé.,"Sợ khi bị tiếp cận, bạn nên bồng con lên, vỗ về thủ thỉ trấn an cho bé đồng thời.",0.15,0.15,0.0,khong_doi
utt_id_test_001482,rất là lắng liệu mẹ tôi có nguy cơ cao thuyên tắc huyết khối tĩnh mạch hay không và tôi cần phải chú ý gì để đề,tây tôi rất là lắng liệu mẹ tôi có nguy cơ cao thuyên tắc huyết khối tĩnh mạch hay không và tôi cần phải chú ý gì để.,tây tôi rất là lắng liệu mẹ tôi có nguy cơ cao thuyên tắc huyết khối tĩnh mạch hay không và tôi cần phải chú ý gì để.,"Rất là lắng, liệu mẹ tôi có nguy cơ cao thuyên tắc huyết khối tĩnh mạch hay không và tôi cần phải chú ý gì để đề.",0.1111,0.1111,0.0,khong_doi
utt_id_test_001495,động nhiễm khuẩn ung thư tuổi cao suy tim suy hô hấp và tiền sử bị thuyên tắc,như bất động nhiễm khuẩn ung thư tủi cao suy tim suy hô hấp và tiền sử bị thuyền tắc huyết khuẩn.,như bất động nhiễm khuẩn ung thư tủi cao suy tim suy hô hấp và tiền sử bị thuyền tắc huyết khuẩn.,"động nhiễm khuẩn, ung thư, tuổi cao, suy tim, suy hô hấp và tiền sử bị thuyên tắc.",0.3333,0.3333,0.0,khong_doi
utt_id_test_001517,bây giờ chúng ta sang cái phần thứ hai là nhận biết bệnh nhân có nguy cơ bị thuyên tắc huyết khối tĩnh mạch như thế,bây giờ chúng ta sang cái phần thứ hai là nhận biết bệnh nhân có nguy cơ bị thuyên tắc các khối tĩnh mạch như thế nào.,Bây giờ chúng ta sang cái phần thứ hai là nhận biết bệnh nhân có nguy cơ bị thuyên tắc các khối tĩnh mạch như thế nào.,Bây giờ chúng ta sang cái phần thứ hai là nhận biết bệnh nhân có nguy cơ bị thuyên tắc huyết khối tĩnh mạch như thế.,0.0769,0.0769,0.0,khong_doi
utt_id_test_001551,thực tế có nhiều người bệnh bình thường đạt được mức thở tốt nhưng sức cơn chưa đủ khi đó các buổi tập,thực tế có nhiều người bệnh bình thường đạt được mức thở tốt nhưng sức cơn chưa đủ khi đó các tai phục lại.,thực tế có nhiều người bệnh bình thường đạt được mức thở tốt nhưng sức cơn chưa đủ khi đó các tai phục lại.,"Thực tế có nhiều người bệnh bình thường đạt được mức thở tốt nhưng sức cơn chưa đủ, khi đó các buổi tập.",0.1304,0.1304,0.0,khong_doi
utt_id_test_001557,hoang mang căng thẳng người bệnh không cần nhịn ăn được nạp đường trước phẫu thuật trong phẫu thuật tùy tình trạng,người bệnh không cần nhịn ăn được nạp đường trước phẫu thuật trong phẫu thuật tùy tình trạng bệnh.,người bệnh không cần nhịn ăn được nạp đường trước phẫu thuật trong phẫu thuật tình trạng bệnh.,"hoang mang, căng thẳng, người bệnh không cần nhịn ăn, được nạp đường trước phẫu thuật, trong phẫu thuật tình trạng.",0.2273,0.2727,0.0455,xau_di
utt_id_test_001719,khác nhau khá lớn giữa hai trẻ cùng độ tuổi vì vậy không nên đánh đồng hoặc so,khác nhau khá lớn giữa hai trẻ cùng độ tuổi vì vậy không nên đánh đồng hoặc so sánh.,khác nhau khá lớn giữa hai trẻ cùng độ tuổi vì vậy không nên đánh đồng hoặc so sánh.,khác nhau khá lớn giữa hai trẻ cùng độ tuổi vì vậy không nên đánh đồng hoặc so.,0.0556,0.0556,0.0,khong_doi
utt_id_test_001729,trong suốt cuộc đời nghiên cứu cho thấy trẻ được bú mẹ có ích nguy cơ bị,unk đường ở trẻ trong suốt cuộc đời nghiên cứu cho thấy trẻ được bú mẹ có ít nguy cơ bị ung thư.,unk đường ở trẻ trong suốt cuộc đời nghiên cứu cho thấy trẻ được bú mẹ có ít nguy cơ bị ung thư.,"Trong suốt cuộc đời, nghiên cứu cho thấy trẻ được bú mẹ có ích nguy cơ bị.",0.4118,0.4118,0.0,khong_doi
utt_id_test_001732,đường ruột mãn tính trẻ bú mẹ ít nguy cơ bị bệnh viêm đường ruột mãn tính khởi,ruột mãn tính trẻ bú mẹ ít nguy cơ bị bệnh viêm đường ruột mãn tính.,ruột mãn tính trẻ bú mẹ ít nguy cơ bị bệnh viêm đường ruột mãn tính.,đường ruột mãn tính: trẻ bú mẹ ít nguy cơ bị bệnh viêm đường ruột mãn tính khởi.,0.1111,0.1111,0.0,khong_doi
utt_id_test_001840,dòng sữa đầu mỗi cử bú sữa đầu dòng chứa nhiều nước và đáp ứng nhu cầu nước của trẻ khi trẻ tiếp tục bú sữa cuối dòng,là dòng sữa đầu mỗi gửi bú sữa đầu dòng chứa nhiều nước và đáp ứng nhu cầu nước của trẻ khi trẻ tiếp tục bú sữa cuối dòng sẽ đều bú.,là dòng sữa đầu mỗi gửi bú sữa đầu dòng chứa nhiều nước và đáp ứng nhu cầu nước của trẻ khi trẻ tiếp tục bú sữa cuối dòng sẽ đều bú.,"Dòng sữa đầu: mỗi cử bú sữa đầu dòng chứa nhiều nước và đáp ứng nhu cầu nước của trẻ, khi trẻ tiếp tục bú sữa cuối dòng.",0.1786,0.1786,0.0,khong_doi
utt_id_test_001858,khác cho con mình hiện nay tầm quan trọng và chất lượng vượt trội của sữa mẹ,để chăm sóc cho con mình hiện nay tầm quan trọng và chất lượng vượt trội của sữa mẹ.,để chăm sóc cho con mình hiện nay tầm quan trọng và chất lượng vượt trội của sữa mẹ.,khác cho con mình hiện nay tầm quan trọng và chất lượng vượt trội của sữa mẹ.,0.1765,0.1765,0.0,khong_doi
utt_id_test_001882,để rã đông sữa mẹ bún sữa đã đông không thể dùng để tái đông lại đượ,unk microwave để rã đông sữa mẹ bốn sữa đã rã đông không thể dùng để tái đông lại được.,unk microwave để rã đông sữa mẹ bốn sữa đã rã đông không thể dùng để tái đông lại được.,"Để rã đông sữa mẹ bún, sữa đã đông không thể dùng để tái đông lại được.",0.2941,0.2941,0.0588,khong_doi
utt_id_test_002070,sau sinh ở các mẹ khác nhau độ đậm đặc và màu sắc của sữa non cũng khác nhau,ở các mẹ khác nhau độ đậm đặc và màu sắc của sữa non cũng khác nhau.,ở các mẹ khác nhau độ đậm đặc và màu sắc của sữa non cũng khác nhau.,"Sau sinh, ở các mẹ khác nhau, độ đậm đặc và màu sắc của sữa non cũng khác nhau.",0.1053,0.1053,0.0,khong_doi
utt_id_test_002188,uống nhiều cà phê đâu cũng gây đào thải canxi muối là hạn chế hấp thu canxi và,uống nhiều cà phê nó cũng gây đào thải canxi muối hạn chế hấp thu canxi và.,uống nhiều cà phê nó cũng gây đào thải canxi muối hạn chế hấp thu canxi và.,"Uống nhiều cà phê đâu cũng gây đào thải canxi, muối là hạn chế hấp thu canxi và.",0.1111,0.1111,0.0,khong_doi
utt_id_test_002197,một phần trăm còn lại nằm trong máu mà nếu mà có lượng canxi này nó bị hạ đi thì nó sẽ gây ra hiện tượng là chúng ta,mà một phần trăm còn lại nằm trong máu á mà nếu mà cái lượng canxi này nó bị hạ đi á thì nó sẽ gây ra hiện tượng là.,mà một phần trăm còn lại nằm trong máu á mà nếu mà cái lượng canxi này nó bị hạ đi á thì nó sẽ gây ra hiện tượng là.,"Một phần trăm còn lại nằm trong máu mà nếu mà có lượng canxi này, nó bị hạ đi thì nó sẽ gây ra hiện tượng là chúng ta.",0.2069,0.2069,0.0,khong_doi
utt_id_test_002233,rồi là thường nó có đau đớn gì hết trơn ở nhà bình thường nhưng mà đúng khi mà nó gãy xương và một biến chứng gãy xương nằm,là thường nó không có đau đớn gì hết trơn á ở nhà bình thường nhưng mà đến khi mà nó gãy xương hoặc là một biến chứng gãy xương để nó nằm.,là thường nó không có đau đớn gì hết trơn á ở nhà bình thường nhưng mà đến khi mà nó gãy xương hoặc là một biến chứng gãy xương để nó nằm.,"Rồi là thường, nó có đau đớn gì hết trơn ở nhà bình thường, nhưng mà đúng khi mà nó gãy xương và một biến chứng gãy xương nằm.",0.2759,0.2759,0.0,khong_doi
utt_id_test_002234,chúng ta đi mà nắng một chút dù nó đang một chút và thậm chí tốt nhất bây giờ là chúng ta đi tắm hồ bơi tuy nó hơi đen,tức là chúng ta đi ngoài nắng một chút dù nó đắng một chút và thậm chí tốt nhất bây giờ là chúng ta đi tắm hồ bơi đó tuy nó hơi đen.,tức là chúng ta đi ngoài nắng một chút dù nó đắng một chút và thậm chí tốt nhất bây giờ là chúng ta đi tắm hồ bơi đó tuy nó hơi đen.,Chúng ta đi mà nắng một chút dù nó đang một chút và thậm chí tốt nhất bây giờ là chúng ta đi tắm hồ bơi tuy nó hơi đen.,0.1667,0.1667,0.0,khong_doi
utt_id_test_002262,đang vận động thì không thể nào tuy nhiên tôi giải thích thêm nữa là anh là người làm việc nặng thì có thể là ngày xưa anh,đang vận động thì không thể nào tuy nhiên tôi giải thích thêm cái là anh là người làm việc nặng thì có thể là ngày xưa.,đang vận động thì không thể nào tuy nhiên tôi giải thích thêm cái là anh là người làm việc nặng thì có thể là ngày xưa.,"Đang vận động thì không thể nào, tuy nhiên tôi giải thích thêm nữa là anh là người làm việc nặng thì có thể là ngày xưa anh.",0.0714,0.0714,0.0,khong_doi
utt_id_test_002299,sĩ không kê thực phẩm chức năng ở đây mà khuyến cáo là chạy nên đi bộ nắng nè rồi ba sáu tuổi này còn tốt quá thứ hai là,không kê thực phẩm chức năng ở đây mà khuyến cáo là chị nên đi bộ ngoài nắng nè rồi ba sáu tuổi lại đi bộ ngoài nắng tốt quá thứ hai là.,không kê thực phẩm chức năng ở đây mà khuyến cáo là chị nên đi bộ ngoài nắng nè rồi ba sáu tuổi lại đi bộ ngoài nắng tốt quá thứ hai là.,"Sĩ không kê thực phẩm chức năng ở đây mà khuyến cáo là chạy nên đi bộ, nắng nè, rồi ba sáu tuổi này còn tốt quá, thứ hai là.",0.2667,0.2667,0.0,khong_doi
utt_id_test_002365,thư thì nó gây hoại tử xương hàm có khi ra liều cao quá có thể giải chỉ còn thật sự,ung thư thì nó gây hoại tử xương hàm có khi nó liều cao quá có thể dậy chứ còn unk.,ung thư thì nó gây hoại tử xương hàm có khi nó liều cao quá có thể dậy chứ còn unk.,"Thường thì nó gây hoại tử xương hàm, có khi ra liều cao quá có thể giải chỉ còn thật sự.",0.2857,0.2857,0.0476,khong_doi
utt_id_test_002414,cũng phải thấy buồn đó là không thể điều trị được và bệnh là ừ nó là không có lây nhiễm tuy nhiên,ai cũng phải thấy buồn là không thể điều trị được và bệnh là nó là không có lây nhiễm tuy nhiên.,ai cũng phải thấy buồn là không thể điều trị được và bệnh là nó là không có lây nhiễm tuy nhiên.,"Cũng phải thấy buồn, đó là không thể điều trị được và bệnh là từ nó, là không có lây nhiễm, tuy nhiên.",0.1304,0.1304,0.0435,khong_doi
utt_id_test_002419,lần có thể chất ba tháng một lần chết một năm một lần vậy làm sao nhớ uống một tuần một lần làm sao nhớ bệnh nhân không,có thể chích ba tháng một lần chích một năm một lần vậy làm sao nhớ uống một tuần một lần làm sao nhớ.,có thể chích ba tháng một lần chích một năm một lần vậy làm sao nhớ uống một tuần một lần làm sao nhớ.,"lần, có thể chất ba tháng một lần, chết một năm một lần, vậy làm sao nhớ uống một tuần một lần, làm sao nhớ bệnh nhân không?",0.2143,0.2143,0.0,khong_doi
utt_id_test_002466,bác sĩ cũng cảm thấy như vậy là điều gì suốt lại và phòng ngừa loãng xương là từ thời thơ ấu từ thuở mà mới đầu thai ha,thì cũng cảm thấy như vậy là điều trị xuất ngoại và phòng ngừa loãng xương là từ thời thơ ấu từ thể mà mới đổi thai ha.,thì cũng cảm thấy như vậy là điều trị xuất ngoại và phòng ngừa loãng xương là từ thời thơ ấu từ thể mà mới đổi thai ha.,"Bác sĩ cũng cảm thấy như vậy là điều gì suốt lại và phòng ngừa loãng xương là từ thời thơ ấu, từ thuở mà mới đầu thai nghén.",0.2414,0.2414,0.0345,khong_doi
utt_id_test_002473,nhưng mà có chuyện mà thiếu hụt canxi thì nó có thể xảy ra nhiều hơn là là,tuổi của bạn nhưng mà cái chuyện mà thiếu hụt canxi thì nó có thể xảy ra nhiều hơn là.,tuổi của bạn nhưng mà cái chuyện mà thiếu hụt canxi thì nó có thể xảy ra nhiều hơn là.,Nhưng mà có chuyện mà thiếu hụt canxi thì nó có thể xảy ra nhiều hơn là là.,0.2778,0.2778,0.0,khong_doi
utt_id_test_002496,bác sĩ là nãy giờ có thể nói này rất là nhiều sữa sữa là phải hiểu mới,và nãy giờ bác sĩ nói là rất là nhiều sữa sữa là phải hiểu.,và nãy giờ bác sĩ nói là rất là nhiều sữa sữa là phải hiểu.,"Bác sĩ ơi, giờ có thể nói này, rất là nhiều sữa, sữa là phải hiểu mới.",0.3889,0.3889,0.1111,khong_doi
utt_id_test_002534,những cục u như thế này thì gọi là u xơ tử cung toàn bộ thì những trường hợp này,những cọc u như thế này thì gọi là ut tự công toàn bộ thì những trường hợp này.,những cọc u như thế này thì gọi là ut tự công toàn bộ thì những trường hợp này.,"Những cục u như thế này thì gọi là u xơ tử cung, toàn bộ thì những trường hợp này.",0.25,0.25,0.0,khong_doi
utt_id_test_002575,máu âm đạo bất thường không có đúng ngày kinh nhưng mà kéo dài thì gọi là là,đâm đạm bất thường không có đống hài kinh nhưng mà kéo dài thì gọi là đống huyết.,đâm đạm bất thường không có đống hài kinh nhưng mà kéo dài thì gọi là đống huyết.,"Máu âm đạo bất thường, không có đúng ngày kinh nhưng mà kéo dài thì gọi là là.",0.3889,0.3889,0.0,khong_doi
utt_id_test_002601,bàng quang này cổ tử cung mà dưới này mà đây là hà,này cổ từ công mà dưới này mà đây là.,này cổ từ công mà dưới này mà đây là.,"Bàng quang này, cổ tử cung mà, dưới này mà đây là hà.",0.3846,0.3846,0.0,khong_doi
utt_id_test_002604,đầu đối với những bệnh nhân rong kinh rong huyết để tìm tìm kiếm vị trí máu chảy ra từ đâu,đặt lệnh hàng đầu đối với những bệnh nhân đâm kinh đâm huyết để tìm tìm cái vị trí máu chảy ra từ đâu.,đặt lệnh hàng đầu đối với những bệnh nhân đâm kinh đâm huyết để tìm tìm cái vị trí máu chảy ra từ đâu.,"đầu đối với những bệnh nhân rong kinh, rong huyết để tìm tìm kiếm vị trí máu chảy ra từ đâu.",0.2857,0.2857,0.0,khong_doi
utt_id_test_002620,vì về cận lâm sàng thì ngoài cái công thức máu để biết được mức độ mất máu của,thì về cận linh phàn thì ngoài cái công thức máu để biết được mức độ mất máu.,thì về cận linh phàn thì ngoài cái công thức máu để biết được mức độ mất máu.,Vì về cận lâm sàng thì ngoài cái công thức máu để biết được mức độ mất máu của.,0.2105,0.2105,0.0,khong_doi
utt_id_test_002655,tức là progesterone nhưng mà cái tên thuốc của nó cái nhóm progesterone là xong,tức là brân gây tê rôn nhưng mà cái tên thuốc của nó thì cái nhóm brân gây tê rôn là đỗ quốc tông.,tức là gây tê rôn nhưng mà cái tên thuốc của nó thì cái nhóm gây tê rôn là đỗ quốc tông.,"tức là progesterone, nhưng mà cái tên thuốc của nó, cái nhóm progesterone là xong.",0.8,0.6667,0.0,tot_len
utt_id_test_002662,đối với bệnh nhân rong kinh rong huyết thì cái quan trọng nhất là hai cái xét nghiệm đó là beta hcg và và siêu âm thấy,là đối với bệnh nhân râm kinh râm huyết thì cái quan trọng nhất là hai kích phát nghiệp đó là delta hát tê rê và bài siêu âm.,là đối với bệnh nhân râm kinh râm huyết thì cái quan trọng nhất là hai kích phát nghiệp đó là delta hát tê rê và bài siêu âm.,"Đối với bệnh nhân rong kinh, rong huyết thì cái quan trọng nhất là hai cái xét nghiệm đó là beta hồng và và siêu âm thấy.",0.4444,0.4444,0.037,khong_doi
utt_id_test_002709,hai ngày tiếp theo mỗi ngày hai viên và ba ngày tiếp theo mỗi ngày một viên bệnh nhân sau khi uống vài ngày sẽ ra hết ra,viên hai ngày tiếp theo mỗi ngày hai viên và ba ngày tiếp theo mỗi ngày một viên bệnh nhân sau khi uống vài ngày sẽ ra.,viên hai ngày tiếp theo mỗi ngày hai viên và ba ngày tiếp theo mỗi ngày một viên bệnh nhân sau khi uống vài ngày sẽ ra.,"hai ngày tiếp theo mỗi ngày hai viên và ba ngày tiếp theo mỗi ngày một viên, bệnh nhân sau khi uống vài ngày sẽ ra hết ra.",0.1071,0.1071,0.0,khong_doi
utt_id_test_002746,mỏ vịt thì mình sẽ thám sát âm đạo thì tương tự như là những cái bài mà mình,mọi việc thì mình sẽ khám phá cảm đạo thì tương tự như là những cái bài mà.,mọi việc thì mình sẽ khám phá cảm đạo thì tương tự như là những cái bài mà.,"Mỏ vịt thì mình sẽ thám sát, âm đạo thì tương tự như là những cái bài mà mình.",0.3158,0.3158,0.0,khong_doi
utt_id_test_002772,nguyên nhân đó thì mọi chuyện mà thăm hỏi vì mình phải cần phải có thêm một số,để xác định nguyên nhân á thì ngoài cái chuyện mà thăm hỏi thì mình phải cần phải có thêm một số cái.,để xác định nguyên nhân á thì ngoài cái chuyện mà thăm hỏi thì mình phải cần phải có thêm một số cái.,"Nguyên nhân đó thì mọi chuyện mà thăm hỏi vì mình phải, cần phải có thêm một số.",0.4444,0.4444,0.0,khong_doi
utt_id_test_002800,uống khi mà bệnh nhân có kinh lại có thể uống vào ngày ngày đầu tiên hoặc có thể uống vào ngày thứ ba của ngày ra kinh,uống khi mà bệnh nhân có kinh lại có thể uống vào ngày đầu tiên hoặc có thể uống vào ngày thứ ba của ngày.,uống khi mà bệnh nhân có kinh lại có thể uống vào ngày đầu tiên hoặc có thể uống vào ngày thứ ba của ngày.,"uống khi mà bệnh nhân có kinh lại, có thể uống vào ngày ngày đầu tiên hoặc có thể uống vào ngày thứ ba của ngày ra kinh.",0.1071,0.1071,0.0,khong_doi
utt_id_test_002860,cái nào thì sẽ mổ cái nào không mổ cái nào phải nạo buồng tử cung cái nào phải,cái nào thì phải mổ cái nào không mổ cái nào phải nạo bù tử cung cái nào phải ơ.,cái nào thì phải mổ cái nào không mổ cái nào phải nạo bù tử cung cái nào phải ơ.,"Cái nào thì sẽ mổ, cái nào không mổ, cái nào phải nạo buồng tử cung, cái nào phải?",0.1579,0.1579,0.0,khong_doi
utt_id_test_002873,uống progesterone như duphaston nữa mà ngược lại sẽ uống viên ngừa thai kết hợp trong trái viên thuốc ngừa thai kết hợp,bạn có thể uống bruce carron như đu công nữa mà ngược lại phải uống men người thái kết hợp vì trong men thuốc người thái kết hợp.,bạn có thể uống bruce carron như đu công nữa mà ngược lại phải uống men người thái kết hợp vì trong men thuốc người thái kết hợp.,"uống progesterone như dự phòng nữa mà ngược lại, sẽ uống viên ngừa thai kết hợp trong trái, viên thuốc ngừa thai kết hợp.",0.6957,0.6957,0.087,khong_doi
utt_id_test_002875,âm có những nguyên nhân thực thể thì mình sẽ điều trị theo theo nguyên nhân thực thể còn nếu mà không có nguyên nhân,những nguyên nhân thực thể thì mình phải điều trị theo theo nguyên nhân thực thể còn nếu mà không có nguyên nhân thực thể.,những nguyên nhân thực thể thì mình phải điều trị theo theo nguyên nhân thực thể còn nếu mà không có nguyên nhân thực thể.,"Âm có những nguyên nhân thực thể thì mình sẽ điều trị theo theo nguyên nhân thực thể, còn nếu mà không có nguyên nhân.",0.2,0.2,0.0,khong_doi
utt_id_test_002886,còn nếu dương tính là mình xếp vô cái loại có thai bạn có thai nhưng mà bệnh,còn nếu dân tính là mình xếp vô cái loại có thai đó loại có thai.,Còn nếu dân tính là mình xếp vô cái loại có thai đó loại có thai.,"Còn nếu dương tính là mình xếp vô cái loại có thai, bạn có thai nhưng mà bệnh.",0.3333,0.3333,0.0,khong_doi
utt_id_test_002933,chỉ sử dụng những giải pháp hôm nay nó cũng sẽ ổn định được cho chị tốt về vấn đề không những là về đại tràng của,chị sử dụng cái giải pháp hôm nay nó cũng sẽ ổn định được cho chị tốt về vấn đề không những là về đại tràng của chị.,chị sử dụng cái giải pháp hôm nay nó cũng sẽ ổn định được cho chị tốt về vấn đề không những là về đại tràng của chị.,"Chỉ sử dụng những giải pháp hôm nay, nó cũng sẽ ổn định được cho chị tốt về vấn đề không những là về đại tràng của.",0.1111,0.1111,0.0,khong_doi
utt_id_test_002989,dụng rất tốt cho vấn đề hỗ trợ điều trị bệnh lý viêm nhiễm và đường tiêu hóa và tạo thành bốn cái thảo dược tự nhiên rất,có tác dụng rất tốt cho vấn đề hỗ trợ điều trị bệnh lý viêm nhiễm và đường tiêu hóa và tạo thành bốn cái gây thảo dược tự nhiên.,có tác dụng rất tốt cho vấn đề hỗ trợ điều trị bệnh lý viêm nhiễm và đường tiêu hóa và tạo thành bốn cái gây thảo dược tự nhiên.,dụng rất tốt cho vấn đề hỗ trợ điều trị bệnh lý viêm nhiễm và đường tiêu hóa và tạo thành bốn cái thảo dược tự nhiên rất.,0.1429,0.1429,0.0,khong_doi
utt_id_test_003017,đem lại một kết quả khả quan mà đã được làm sao tờ tin và dùng trong cái trang,đem lại một kết quả khả quan và đã được làm sao ờ tờ tin vào tùng trong cái trang tin.,đem lại một kết quả khả quan và đã được làm sao ờ tờ tin vào tùng trong cái trang tin.,đem lại một kết quả khả quan mà đã được làm sao tờ tin và dùng trong cái trang.,0.2632,0.2632,0.0,khong_doi
utt_id_test_003034,dụ cùng ăn ví dụ như là thích ăn lẩu hoặc một số rất là cái cơ thể nó bị nhạy,thường ăn ví dụ như là thích ăn lẩu hoặc một số yếu thức là cái cơ thể nó bị.,thường ăn ví dụ như là thích ăn lẩu hoặc một số yếu thức là cái cơ thể nó bị.,"Ví dụ cùng ăn, ví dụ như là thích ăn lẩu hoặc một số rất là cái cơ thể nó bị nhạy.",0.2381,0.2381,0.0476,khong_doi
utt_id_test_003038,một kết quả khả quan là bởi sao bởi vì chữa triệu chứng mà như tôi nói ở trên nó có chung là cùng đau cùng cùng đầy,kết quả khả quan đó là bởi sao bởi vì chữa triệu chứng mà như tôi nói ở trên nói với trung là cùng đau cùng.,kết quả khả quan đó là bởi sao bởi vì chữa triệu chứng mà như tôi nói ở trên nói với trung là cùng đau cùng.,"Một kết quả khả quan là bởi sao, bởi vì chữa triệu chứng mà như tôi nói ở trên, nó có chung là cùng đau, cùng cùng đầy.",0.25,0.25,0.0,khong_doi
utt_id_test_003109,đó bạn cân đối với cái việc mà cái bạn được cái có lợi hơn thì bạn có lợi hơn rất nhiều do đó cái chuyện mà bạn bạn mà,cái ích tấc đó bạn cân đối với cái việc mà cái bạn được cái có lợi hơn thì bạn có lợi hơn rất nhiều do đó cái chuyện mà bạn bạn.,Cái ích tấc đó bạn cân đối với cái việc mà cái bạn được cái có lợi hơn thì bạn có lợi hơn rất nhiều do đó cái chuyện mà bạn bạn.,"Đó, bạn cân đối với cái việc mà cái bạn được cái có lợi hơn thì bạn có lợi hơn rất nhiều, do đó cái chuyện mà bạn bạn mà.",0.1333,0.1333,0.0,khong_doi
utt_id_test_003128,chăm sóc mái tóc khá là đơn giản đa phần là chúng ta làm sạch chủ yếu thế nhưng những trục trặc những tổn thương những,ngày xưa cái việc chăm sóc mái tóc khá là đơn giản đa phần là chúng ta làm sạch là chủ yếu thế nhưng những trục trặc những tổn thương những.,"Ngày xưa cái việc chăm sóc mái tóc khá là đơn giản đa phần là chúng ta làm sạch là chủ yếu thế nhưng những trục trặc, những tổn thương những.","Chăm sóc mái tóc khá là đơn giản, đa phần là chúng ta làm sạch chủ yếu, thế nhưng những trục trặc, những tổn thương những.",0.1923,0.1923,0.0,khong_doi
utt_id_test_003167,hai vấn đề những người trẻ mà nhuộm tóc để tạo cái cái cái tóc cho đẹp thì bây,ở đây có hai vấn đề những người trẻ mà nhuộm tóc để tạo cái cái cái tóc cho đẹp á.,ở đây có hai vấn đề những người trẻ mà nhuộm tóc để tạo cái cái tóc cho đẹp á.,"Hai vấn đề, những người trẻ mà nhuộm tóc để tạo cái cái tóc cho đẹp thì bây.",0.2632,0.3158,0.0526,xau_di
utt_id_test_003301,trả lại cho họ chất lượng cuộc sống bình thường như bao người khác là được nghe được nói thế nhưng điều kỳ diệu đã xảy,trả lại cho họ chất lượng cuộc sống bình thường như bao người khác là được nghe được nói thế nhưng điều kỳ diệu đã xảy đến.,trả lại cho họ chất lượng cuộc sống bình thường như bao người khác là được nghe được nói thế nhưng điều kỳ diệu đã xảy đến.,"Trả lại cho họ chất lượng cuộc sống bình thường như bao người khác là được nghe, được nói, thế nhưng điều kỳ diệu đã xảy.",0.0385,0.0385,0.0,khong_doi
utt_id_test_003306,ta nghe được mà bé phải biết làm quen với những cái âm thanh từ đó diễn tả,được mà bé phải biết làm quen với những cái âm thanh từ đó diễn.,được mà bé phải biết làm quen với những cái âm thanh từ đó diễn.,Ta nghe được mà bé phải biết làm quen với những cái âm thanh từ đó diễn tả.,0.1667,0.1667,0.0,khong_doi
utt_id_test_003316,cũng con số này cũng khá là lớn có thể đến hơn trăm em mỗi năm nhà riêng tại,unk tử thì con số này cũng khá là lớn có thể đến hơn trăm em mỗi năm.,unk tử thì con số này cũng khá là lớn có thể đến hơn trăm em mỗi năm.,"Cũng con số này cũng khá là lớn, có thể đến hơn trăm em mỗi năm, nhà riêng tại.",0.3158,0.3158,0.0,khong_doi
utt_id_test_003398,đề trở lại chất lượng cuộc sống cho những người khiếm thính kém ở đây thì nhân sự có mặt của chủ tịch hội,vấn đề trả lại à chất lượng cuộc sống cho những người khiếm thính nghe kém và ở đây thì nhân sự có mặt của chủ tịch.,vấn đề trả lại là chất lượng cuộc sống cho những người khiếm thính nghe kém và ở đây thì nhân sự có mặt của chủ tịch.,Để trở lại chất lượng cuộc sống cho những người khiếm thính kém ở đây thì nhân sự có mặt của chủ tịch hội.,0.25,0.25,0.0417,khong_doi
utt_id_test_003417,cùng trang lứa tôi muốn sống muốn hòa nhập xã hội nhưng tôi bị,có bạn bè cùng trang lứa tôi muốn sống muốn hòa nhập xã hội nhưng tôi bị ờ.,có bạn bè cùng trang lứa tôi muốn sống muốn nhập xã hội nhưng tôi bị ờ.,"Cùng trang lứa, tôi muốn sống, muốn nhập xã hội nhưng tôi bị.",0.2857,0.3571,0.0714,xau_di
